{"cameraMode":{"drawMode":0,"name":"Shaded","section":"Shading Mode"},"sceneLighting":false,"audioPlay":false,"sceneViewState":{"m_AlwaysRefresh":false,"showFog":true,"showSkybox":false,"showFlares":true,"showImageEffects":true,"showParticleSystems":true,"showVisualEffectGraphs":true,"m_FxEnabled":false},"in2DMode":false,"pivot":{"x":-2.2916364669799806,"y":0.18485072255134583,"z":1.9472249746322632},"rotation":{"x":-0.3096690773963928,"y":-0.050746072083711627,"z":0.01655294932425022,"w":-0.9493473768234253},"size":0.9331682920455933,"orthographic":false}