{"cameraMode":{"drawMode":0,"name":"Shaded","section":"Shading Mode"},"sceneLighting":false,"audioPlay":false,"sceneViewState":{"showFog":true,"showMaterialUpdate":true,"showSkybox":false,"showFlares":true,"showImageEffects":true,"showParticleSystems":true},"in2DMode":false,"pivot":{"x":0.15492750704288484,"y":0.2809211015701294,"z":-0.040481217205524448},"rotation":{"x":-0.011384185403585434,"y":-0.9696068167686462,"z":-0.04598463326692581,"w":0.24004732072353364},"size":2.273643732070923,"orthographic":false}