{"cameraMode":{"drawMode":0,"name":"Shaded","section":"Shading Mode"},"sceneLighting":false,"audioPlay":false,"sceneViewState":{"showFog":true,"showMaterialUpdate":true,"showSkybox":false,"showFlares":true,"showImageEffects":true,"showParticleSystems":true},"in2DMode":false,"pivot":{"x":-0.4529147148132324,"y":0.9276689291000366,"z":0.2803471088409424},"rotation":{"x":-0.02482885867357254,"y":-0.9512224793434143,"z":-0.07950738817453385,"w":0.297055721282959},"size":1.441178560256958,"orthographic":false}