{"cameraMode":{"drawMode":0,"name":"Shaded","section":"Shading Mode"},"sceneLighting":false,"audioPlay":false,"sceneViewState":{"m_AlwaysRefresh":false,"showFog":true,"showSkybox":false,"showFlares":true,"showImageEffects":true,"showParticleSystems":true,"showVisualEffectGraphs":true,"m_FxEnabled":false},"in2DMode":false,"pivot":{"x":0.29926562309265139,"y":0.9996589422225952,"z":0.6977802515029907},"rotation":{"x":-0.29868054389953616,"y":-0.0008616087143309414,"z":0.0002696778974495828,"w":-0.9543553590774536},"size":2.0089478492736818,"orthographic":false}