{"cameraMode":{"drawMode":0,"name":"Shaded","section":"Shading Mode"},"sceneLighting":false,"audioPlay":false,"sceneViewState":{"showFog":false,"showMaterialUpdate":false,"showSkybox":false,"showFlares":false,"showImageEffects":false,"showParticleSystems":false},"in2DMode":false,"pivot":{"x":0.14806199073791505,"y":1.053065299987793,"z":0.6508587598800659},"rotation":{"x":-0.047804996371269229,"y":0.8331810832023621,"z":-0.07292754203081131,"w":-0.5461123585700989},"size":1.8227758407592774,"orthographic":false}