{"cameraMode":{"drawMode":0,"name":"Shaded","section":"Shading Mode"},"sceneLighting":false,"audioPlay":false,"sceneViewState":{"showFog":false,"showMaterialUpdate":false,"showSkybox":false,"showFlares":false,"showImageEffects":false,"showParticleSystems":false},"in2DMode":false,"pivot":{"x":-10.486834526062012,"y":0.4352613687515259,"z":-1.040266990661621},"rotation":{"x":0.027600005269050599,"y":-0.6763179302215576,"z":0.025373825803399087,"w":0.7356551885604858},"size":0.5350428819656372,"orthographic":false}