{"cameraMode":{"drawMode":0,"name":"Shaded","section":"Shading Mode"},"sceneLighting":false,"audioPlay":false,"sceneViewState":{"showFog":false,"showMaterialUpdate":false,"showSkybox":false,"showFlares":false,"showImageEffects":false,"showParticleSystems":false},"in2DMode":false,"pivot":{"x":0.19166935980319978,"y":0.9135608673095703,"z":1.3135653734207154},"rotation":{"x":-0.13833841681480409,"y":0.7433606386184692,"z":-0.16217747330665589,"w":-0.634041965007782},"size":2.3411784172058107,"orthographic":false}