{"cameraMode":{"drawMode":0,"name":"Shaded","section":"Shading Mode"},"sceneLighting":true,"audioPlay":false,"sceneViewState":{"showFog":false,"showMaterialUpdate":false,"showSkybox":false,"showFlares":false,"showImageEffects":false,"showParticleSystems":false},"in2DMode":false,"pivot":{"x":-4.743247032165527,"y":-6.37657356262207,"z":7.983078956604004},"rotation":{"x":0.3153716027736664,"y":0.386414110660553,"z":-0.1425417959690094,"w":0.8549344539642334},"size":12.615660667419434,"orthographic":false}