{"cameraMode":{"drawMode":0,"name":"Shaded","section":"Shading Mode"},"sceneLighting":false,"audioPlay":false,"sceneViewState":{"showFog":false,"showMaterialUpdate":false,"showSkybox":false,"showFlares":false,"showImageEffects":false,"showParticleSystems":false},"in2DMode":false,"pivot":{"x":-0.0645449161529541,"y":0.890256941318512,"z":1.4290882349014283},"rotation":{"x":-0.058211006224155429,"y":0.9065337777137756,"z":-0.13312463462352754,"w":-0.3963814377784729},"size":1.4485576152801514,"orthographic":false}