{"cameraMode":{"drawMode":0,"name":"Shaded","section":"Shading Mode"},"sceneLighting":false,"audioPlay":false,"sceneViewState":{"showFog":true,"showMaterialUpdate":false,"showSkybox":false,"showFlares":true,"showImageEffects":true,"showParticleSystems":true},"in2DMode":false,"pivot":{"x":0.3574371635913849,"y":0.7023319005966187,"z":0.05364449322223663},"rotation":{"x":0.00897603202611208,"y":0.985054075717926,"z":-0.163340762257576,"w":0.054132118821144107},"size":1.0649924278259278,"orthographic":false}